[
	{
		"name": "Acre",
		"code": "BR-AC"
	},
	{
		"name": "Alagoas",
		"code": "BR-AL"
	},
	{
		"name": "Amapá",
		"code": "BR-AP"
	},
	{
		"name": "Amazonas",
		"code": "BR-AM"
	},
	{
		"name": "Bahia",
		"code": "BR-BA"
	},
	{
		"name": "Ceará",
		"code": "BR-CE"
	},
	{
		"name": "Distrito Federal",
		"code": "BR-DF"
	},
	{
		"name": "Espírito Santo",
		"code": "BR-ES"
	},
	{
		"name": "Goiás",
		"code": "BR-GO"
	},
	{
		"name": "Maranhão",
		"code": "BR-MA"
	},
	{
		"name": "Mato Grosso",
		"code": "BR-MT"
	},
	{
		"name": "Mato Grosso do Sul",
		"code": "BR-MS"
	},
	{
		"name": "Minas Gerais",
		"code": "BR-MG"
	},
	{
		"name": "Paraná",
		"code": "BR-PR"
	},
	{
		"name": "Paraíba",
		"code": "BR-PB"
	},
	{
		"name": "Pará",
		"code": "BR-PA"
	},
	{
		"name": "Pernambuco",
		"code": "BR-PE"
	},
	{
		"name": "Piauí",
		"code": "BR-PI"
	},
	{
		"name": "Rio Grande do Norte",
		"code": "BR-RN"
	},
	{
		"name": "Rio Grande do Sul",
		"code": "BR-RS"
	},
	{
		"name": "Rio de Janeiro",
		"code": "BR-RJ"
	},
	{
		"name": "Rondônia",
		"code": "BR-RO"
	},
	{
		"name": "Roraima",
		"code": "BR-RR"
	},
	{
		"name": "Santa Catarina",
		"code": "BR-SC"
	},
	{
		"name": "Sergipe",
		"code": "BR-SE"
	},
	{
		"name": "São Paulo",
		"code": "BR-SP"
	},
	{
		"name": "Tocantins",
		"code": "BR-TO"
	}
]