[
	{
		"name": "Blagoevgrad",
		"code": "BG-01"
	},
	{
		"name": "Burgas",
		"code": "BG-02"
	},
	{
		"name": "Dobrich",
		"code": "BG-08"
	},
	{
		"name": "Gabrovo",
		"code": "BG-07"
	},
	{
		"name": "Haskovo",
		"code": "BG-26"
	},
	{
		"name": "Kardzhali",
		"code": "BG-09"
	},
	{
		"name": "Kyustendil",
		"code": "BG-10"
	},
	{
		"name": "Lovech",
		"code": "BG-11"
	},
	{
		"name": "Montana",
		"code": "BG-12"
	},
	{
		"name": "Pazardzhik",
		"code": "BG-13"
	},
	{
		"name": "Pernik",
		"code": "BG-14"
	},
	{
		"name": "Pleven",
		"code": "BG-15"
	},
	{
		"name": "Plovdiv",
		"code": "BG-16"
	},
	{
		"name": "Razgrad",
		"code": "BG-17"
	},
	{
		"name": "Ruse",
		"code": "BG-18"
	},
	{
		"name": "Shumen",
		"code": "BG-27"
	},
	{
		"name": "Silistra",
		"code": "BG-19"
	},
	{
		"name": "Sliven",
		"code": "BG-20"
	},
	{
		"name": "Smolyan",
		"code": "BG-21"
	},
	{
		"name": "Sofia",
		"code": "BG-23"
	},
	{
		"name": "Sofia-Grad",
		"code": "BG-22"
	},
	{
		"name": "Stara Zagora",
		"code": "BG-24"
	},
	{
		"name": "Targovishte",
		"code": "BG-25"
	},
	{
		"name": "Varna",
		"code": "BG-03"
	},
	{
		"name": "Veliko Tarnovo",
		"code": "BG-04"
	},
	{
		"name": "Vidin",
		"code": "BG-05"
	},
	{
		"name": "Vratsa",
		"code": "BG-06"
	},
	{
		"name": "Yambol",
		"code": "BG-28"
	}
]