[
	{
		"name": "Bubanza",
		"code": "BI-BB"
	},
	{
		"name": "Bujumbura Mairie",
		"code": "BI-BM"
	},
	{
		"name": "Bujumbura Rural",
		"code": "BI-BL"
	},
	{
		"name": "Bururi",
		"code": "BI-BR"
	},
	{
		"name": "Cankuzo",
		"code": "BI-CA"
	},
	{
		"name": "Cibitoke",
		"code": "BI-CI"
	},
	{
		"name": "Gitega",
		"code": "BI-GI"
	},
	{
		"name": "Karuzi",
		"code": "BI-KR"
	},
	{
		"name": "Kayanza",
		"code": "BI-KY"
	},
	{
		"name": "Kirundo",
		"code": "BI-KI"
	},
	{
		"name": "Makamba",
		"code": "BI-MA"
	},
	{
		"name": "Muramvya",
		"code": "BI-MU"
	},
	{
		"name": "Muyinga",
		"code": "BI-MY"
	},
	{
		"name": "Mwaro",
		"code": "BI-MW"
	},
	{
		"name": "Ngozi",
		"code": "BI-NG"
	},
	{
		"name": "Rutana",
		"code": "BI-RT"
	},
	{
		"name": "Ruyigi",
		"code": "BI-RY"
	}
]