[
	{
		"name": "Andaman and Nicobar Islands",
		"code": "IN-AN",
		"subdivision": "Union territory"
	},
	{
		"name": "Chandigarh",
		"code": "IN-CH",
		"subdivision": "Union territory"
	},
	{
		"name": "Dadra and Nagar Haveli",
		"code": "IN-DN",
		"subdivision": "Union territory"
	},
	{
		"name": "Daman and Diu",
		"code": "IN-DD",
		"subdivision": "Union territory"
	},
	{
		"name": "Delhi",
		"code": "IN-DL",
		"subdivision": "Union territory"
	},
	{
		"name": "Lakshadweep",
		"code": "IN-LD",
		"subdivision": "Union territory"
	},
	{
		"name": "Puducherry",
		"code": "IN-PY",
		"subdivision": "Union territory"
	},
	{
		"name": "Andhra Pradesh",
		"code": "IN-AP",
		"subdivision": "state"
	},
	{
		"name": "Arunachal Pradesh",
		"code": "IN-AR",
		"subdivision": "state"
	},
	{
		"name": "Assam",
		"code": "IN-AS",
		"subdivision": "state"
	},
	{
		"name": "Bihar",
		"code": "IN-BR",
		"subdivision": "state"
	},
	{
		"name": "Chhattisgarh",
		"code": "IN-CT",
		"subdivision": "state"
	},
	{
		"name": "Goa",
		"code": "IN-GA",
		"subdivision": "state"
	},
	{
		"name": "Gujarat",
		"code": "IN-GJ",
		"subdivision": "state"
	},
	{
		"name": "Haryana",
		"code": "IN-HR",
		"subdivision": "state"
	},
	{
		"name": "Himachal Pradesh",
		"code": "IN-HP",
		"subdivision": "state"
	},
	{
		"name": "Jammu and Kashmir",
		"code": "IN-JK",
		"subdivision": "state"
	},
	{
		"name": "Jharkhand",
		"code": "IN-JH",
		"subdivision": "state"
	},
	{
		"name": "Karnataka",
		"code": "IN-KA",
		"subdivision": "state"
	},
	{
		"name": "Kerala",
		"code": "IN-KL",
		"subdivision": "state"
	},
	{
		"name": "Madhya Pradesh",
		"code": "IN-MP",
		"subdivision": "state"
	},
	{
		"name": "Maharashtra",
		"code": "IN-MH",
		"subdivision": "state"
	},
	{
		"name": "Manipur",
		"code": "IN-MN",
		"subdivision": "state"
	},
	{
		"name": "Meghalaya",
		"code": "IN-ML",
		"subdivision": "state"
	},
	{
		"name": "Mizoram",
		"code": "IN-MZ",
		"subdivision": "state"
	},
	{
		"name": "Nagaland",
		"code": "IN-NL",
		"subdivision": "state"
	},
	{
		"name": "Odisha",
		"code": "IN-OR",
		"subdivision": "state"
	},
	{
		"name": "Punjab",
		"code": "IN-PB",
		"subdivision": "state"
	},
	{
		"name": "Rajasthan",
		"code": "IN-RJ",
		"subdivision": "state"
	},
	{
		"name": "Sikkim",
		"code": "IN-SK",
		"subdivision": "state"
	},
	{
		"name": "Tamil Nadu",
		"code": "IN-TN",
		"subdivision": "state"
	},
	{
		"name": "Telangana",
		"code": "IN-TG",
		"subdivision": "state"
	},
	{
		"name": "Tripura",
		"code": "IN-TR",
		"subdivision": "state"
	},
	{
		"name": "Uttar Pradesh",
		"code": "IN-UP",
		"subdivision": "state"
	},
	{
		"name": "Uttarakhand",
		"code": "IN-UT",
		"subdivision": "state"
	},
	{
		"name": "West Bengal",
		"code": "IN-WB",
		"subdivision": "state"
	}
]