[
	{
		"name": "Aiti",
		"code": "JP-23"
	},
	{
		"name": "Akita",
		"code": "JP-05"
	},
	{
		"name": "Aomori",
		"code": "JP-02"
	},
	{
		"name": "Ehime",
		"code": "JP-38"
	},
	{
		"name": "Gihu",
		"code": "JP-21"
	},
	{
		"name": "Gunma",
		"code": "JP-10"
	},
	{
		"name": "Hirosima",
		"code": "JP-34"
	},
	{
		"name": "Hokkaidô",
		"code": "JP-01"
	},
	{
		"name": "Hukui",
		"code": "JP-18"
	},
	{
		"name": "Hukuoka",
		"code": "JP-40"
	},
	{
		"name": "Hukusima",
		"code": "JP-07"
	},
	{
		"name": "Hyôgo",
		"code": "JP-28"
	},
	{
		"name": "Ibaraki",
		"code": "JP-08"
	},
	{
		"name": "Isikawa",
		"code": "JP-17"
	},
	{
		"name": "Iwate",
		"code": "JP-03"
	},
	{
		"name": "Kagawa",
		"code": "JP-37"
	},
	{
		"name": "Kagosima",
		"code": "JP-46"
	},
	{
		"name": "Kanagawa",
		"code": "JP-14"
	},
	{
		"name": "Kumamoto",
		"code": "JP-43"
	},
	{
		"name": "Kyôto",
		"code": "JP-26"
	},
	{
		"name": "Kôti",
		"code": "JP-39"
	},
	{
		"name": "Mie",
		"code": "JP-24"
	},
	{
		"name": "Miyagi",
		"code": "JP-04"
	},
	{
		"name": "Miyazaki",
		"code": "JP-45"
	},
	{
		"name": "Nagano",
		"code": "JP-20"
	},
	{
		"name": "Nagasaki",
		"code": "JP-42"
	},
	{
		"name": "Nara",
		"code": "JP-29"
	},
	{
		"name": "Niigata",
		"code": "JP-15"
	},
	{
		"name": "Okayama",
		"code": "JP-33"
	},
	{
		"name": "Okinawa",
		"code": "JP-47"
	},
	{
		"name": "Saga",
		"code": "JP-41"
	},
	{
		"name": "Saitama",
		"code": "JP-11"
	},
	{
		"name": "Siga",
		"code": "JP-25"
	},
	{
		"name": "Simane",
		"code": "JP-32"
	},
	{
		"name": "Sizuoka",
		"code": "JP-22"
	},
	{
		"name": "Tiba",
		"code": "JP-12"
	},
	{
		"name": "Tokusima",
		"code": "JP-36"
	},
	{
		"name": "Totigi",
		"code": "JP-09"
	},
	{
		"name": "Tottori",
		"code": "JP-31"
	},
	{
		"name": "Toyama",
		"code": "JP-16"
	},
	{
		"name": "Tôkyô",
		"code": "JP-13"
	},
	{
		"name": "Wakayama",
		"code": "JP-30"
	},
	{
		"name": "Yamagata",
		"code": "JP-06"
	},
	{
		"name": "Yamaguti",
		"code": "JP-35"
	},
	{
		"name": "Yamanasi",
		"code": "JP-19"
	},
	{
		"name": "Ôita",
		"code": "JP-44"
	},
	{
		"name": "Ôsaka",
		"code": "JP-27"
	}
]