[
	{
		"name": "Al Buţnān",
		"code": "LY-BU"
	},
	{
		"name": "Al Jabal al Akhḑar",
		"code": "LY-JA"
	},
	{
		"name": "Al Jabal al Gharbī",
		"code": "LY-JG"
	},
	{
		"name": "Al Jifārah",
		"code": "LY-JI"
	},
	{
		"name": "Al Jufrah",
		"code": "LY-JU"
	},
	{
		"name": "Al Kufrah",
		"code": "LY-KF"
	},
	{
		"name": "Al Marj",
		"code": "LY-MJ"
	},
	{
		"name": "Al Marqab",
		"code": "LY-MB"
	},
	{
		"name": "Al Wāḩāt",
		"code": "LY-WA"
	},
	{
		"name": "An Nuqaţ al Khams",
		"code": "LY-NQ"
	},
	{
		"name": "Az Zāwiyah",
		"code": "LY-ZA"
	},
	{
		"name": "Banghāzī",
		"code": "LY-BA"
	},
	{
		"name": "Darnah",
		"code": "LY-DR"
	},
	{
		"name": "Ghāt",
		"code": "LY-GT"
	},
	{
		"name": "Mişrātah",
		"code": "LY-MI"
	},
	{
		"name": "Murzuq",
		"code": "LY-MQ"
	},
	{
		"name": "Nālūt",
		"code": "LY-NL"
	},
	{
		"name": "Sabhā",
		"code": "LY-SB"
	},
	{
		"name": "Surt",
		"code": "LY-SR"
	},
	{
		"name": "Wādī al Ḩayāt",
		"code": "LY-WD"
	},
	{
		"name": "Wādī ash Shāţiʾ",
		"code": "LY-WS"
	},
	{
		"name": "Ţarābulus",
		"code": "LY-TB"
	}
]