[
	{
		"name": "Arhangay",
		"code": "MN-073"
	},
	{
		"name": "Bayan-Ölgiy",
		"code": "MN-071"
	},
	{
		"name": "Bayanhongor",
		"code": "MN-069"
	},
	{
		"name": "Bulgan",
		"code": "MN-067"
	},
	{
		"name": "Darhan uul",
		"code": "MN-037"
	},
	{
		"name": "Dornod",
		"code": "MN-061"
	},
	{
		"name": "Dornogovĭ",
		"code": "MN-063"
	},
	{
		"name": "Dundgovĭ",
		"code": "MN-059"
	},
	{
		"name": "Dzavhan",
		"code": "MN-057"
	},
	{
		"name": "Govĭ-Altay",
		"code": "MN-065"
	},
	{
		"name": "Govĭ-Sümber",
		"code": "MN-064"
	},
	{
		"name": "Hentiy",
		"code": "MN-039"
	},
	{
		"name": "Hovd",
		"code": "MN-043"
	},
	{
		"name": "Hövsgöl",
		"code": "MN-041"
	},
	{
		"name": "Orhon",
		"code": "MN-035"
	},
	{
		"name": "Selenge",
		"code": "MN-049"
	},
	{
		"name": "Sühbaatar",
		"code": "MN-051"
	},
	{
		"name": "Töv",
		"code": "MN-047"
	},
	{
		"name": "Ulaanbaatar",
		"code": "MN-1"
	},
	{
		"name": "Uvs",
		"code": "MN-046"
	},
	{
		"name": "Ömnögovĭ",
		"code": "MN-053"
	},
	{
		"name": "Övörhangay",
		"code": "MN-055"
	}
]