[
	{
		"name": "Aiwo",
		"code": "NR-01"
	},
	{
		"name": "Anabar",
		"code": "NR-02"
	},
	{
		"name": "Anetan",
		"code": "NR-03"
	},
	{
		"name": "Anibare",
		"code": "NR-04"
	},
	{
		"name": "Baiti",
		"code": "NR-05"
	},
	{
		"name": "Boe",
		"code": "NR-06"
	},
	{
		"name": "Buada",
		"code": "NR-07"
	},
	{
		"name": "Denigomodu",
		"code": "NR-08"
	},
	{
		"name": "Ewa",
		"code": "NR-09"
	},
	{
		"name": "Ijuw",
		"code": "NR-10"
	},
	{
		"name": "Meneng",
		"code": "NR-11"
	},
	{
		"name": "Nibok",
		"code": "NR-12"
	},
	{
		"name": "Uaboe",
		"code": "NR-13"
	},
	{
		"name": "Yaren",
		"code": "NR-14"
	}
]