[
	{
		"name": "A'ana",
		"code": "WS-AA"
	},
	{
		"name": "Aiga-i-le-Tai",
		"code": "WS-AL"
	},
	{
		"name": "Atua",
		"code": "WS-AT"
	},
	{
		"name": "Fa'asaleleaga",
		"code": "WS-FA"
	},
	{
		"name": "Gaga'emauga",
		"code": "WS-GE"
	},
	{
		"name": "Gagaifomauga",
		"code": "WS-GI"
	},
	{
		"name": "Palauli",
		"code": "WS-PA"
	},
	{
		"name": "Satupa'itea",
		"code": "WS-SA"
	},
	{
		"name": "Tuamasaga",
		"code": "WS-TU"
	},
	{
		"name": "Va'a-o-Fonoti",
		"code": "WS-VF"
	},
	{
		"name": "Vaisigano",
		"code": "WS-VS"
	}
]