[
	{
		"name": "Aileu",
		"code": "TL-AL"
	},
	{
		"name": "Ainaro",
		"code": "TL-AN"
	},
	{
		"name": "Baucau",
		"code": "TL-BA"
	},
	{
		"name": "Bobonaro",
		"code": "TL-BO"
	},
	{
		"name": "Cova Lima",
		"code": "TL-CO"
	},
	{
		"name": "Díli",
		"code": "TL-DI"
	},
	{
		"name": "Ermera",
		"code": "TL-ER"
	},
	{
		"name": "Lautem",
		"code": "TL-LA"
	},
	{
		"name": "Liquiça",
		"code": "TL-LI"
	},
	{
		"name": "Manatuto",
		"code": "TL-MT"
	},
	{
		"name": "Manufahi",
		"code": "TL-MF"
	},
	{
		"name": "Oecussi",
		"code": "TL-OE"
	},
	{
		"name": "Viqueque",
		"code": "TL-VI"
	}
]